date,dow,day_type,n,n_member,n_casual
2024-12-31,2,工作日,53,16,37
2025-01-01,3,工作日,3555,2321,1234
2025-01-02,4,工作日,4744,3807,937
2025-01-03,5,工作日,4200,3436,764
2025-01-04,6,周六,3193,2479,714
2025-01-05,7,周日,2933,2370,563
2025-01-06,1,工作日,4080,3559,521
2025-01-07,2,工作日,5319,4647,672
2025-01-08,3,工作日,5660,4839,821
2025-01-09,4,工作日,5830,4968,862
2025-01-10,5,工作日,2719,2337,382
2025-01-11,6,周六,3828,3099,729
2025-01-12,7,周日,2560,2113,447
2025-01-13,1,工作日,4529,3948,581
2025-01-14,2,工作日,4059,3544,515
2025-01-15,3,工作日,4652,3983,669
2025-01-16,4,工作日,6329,5382,947
2025-01-17,5,工作日,6687,5301,1386
2025-01-18,6,周六,4601,3408,1193
2025-01-19,7,周日,2227,1730,497
2025-01-20,1,工作日,1647,1374,273
2025-01-21,2,工作日,1301,1133,168
2025-01-22,3,工作日,3240,2814,426
2025-01-23,4,工作日,4282,3650,632
2025-01-24,5,工作日,4081,3410,671
2025-01-25,6,周六,4563,3559,1004
2025-01-26,7,周日,3660,2897,763
2025-01-27,1,工作日,6142,5209,933
2025-01-28,2,工作日,7963,6700,1263
2025-01-29,3,工作日,8675,7171,1504
2025-01-30,4,工作日,7420,6135,1285
2025-01-31,5,工作日,3903,3183,720
2025-02-01,6,周六,5099,3896,1203
2025-02-02,7,周日,4945,3716,1229
2025-02-03,1,工作日,6682,5691,991
2025-02-04,2,工作日,6668,5727,941
2025-02-05,3,工作日,6473,5536,937
2025-02-06,4,工作日,5907,4981,926
2025-02-07,5,工作日,6065,4961,1104
2025-02-08,6,周六,4070,3178,892
2025-02-09,7,周日,4332,3369,963
2025-02-10,1,工作日,6099,5218,881
2025-02-11,2,工作日,5962,5143,819
2025-02-12,3,工作日,3122,2707,415
2025-02-13,4,工作日,3802,3294,508
2025-02-14,5,工作日,3602,3014,588
2025-02-15,6,周六,2883,2224,659
2025-02-16,7,周日,2686,2149,537
2025-02-17,1,工作日,2508,2170,338
2025-02-18,2,工作日,2760,2390,370
2025-02-19,3,工作日,4110,3535,575
2025-02-20,4,工作日,4748,3998,750
2025-02-21,5,工作日,4891,4044,847
2025-02-22,6,周六,4393,3337,1056
2025-02-23,7,周日,4380,3295,1085
2025-02-24,1,工作日,8327,6865,1462
2025-02-25,2,工作日,10104,8219,1885
2025-02-26,3,工作日,8320,6808,1512
2025-02-27,4,工作日,9550,7684,1866
2025-02-28,5,工作日,9344,6974,2370
2025-03-01,6,周六,4986,3741,1245
2025-03-02,7,周日,4753,3553,1200
2025-03-03,1,工作日,7729,6385,1344
2025-03-04,2,工作日,5319,4431,888
2025-03-05,3,工作日,6102,5069,1033
2025-03-06,4,工作日,8455,6853,1602
2025-03-07,5,工作日,5232,4267,965
2025-03-08,6,周六,8593,5741,2852
2025-03-09,7,周日,10236,6558,3678
2025-03-10,1,工作日,13869,9954,3915
2025-03-11,2,工作日,10294,8256,2038
2025-03-12,3,工作日,10804,8565,2239
2025-03-13,4,工作日,11851,9054,2797
2025-03-14,5,工作日,19763,11467,8296
2025-03-15,6,周六,16033,8041,7992
2025-03-16,7,周日,3519,2511,1008
2025-03-17,1,工作日,9979,7341,2638
2025-03-18,2,工作日,14708,10606,4102
2025-03-19,3,工作日,7731,6205,1526
2025-03-20,4,工作日,7633,5990,1643
2025-03-21,5,工作日,10965,7835,3130
2025-03-22,6,周六,8232,5390,2842
2025-03-23,7,周日,5339,3647,1692
2025-03-24,1,工作日,8506,6641,1865
2025-03-25,2,工作日,10021,7944,2077
2025-03-26,3,工作日,9892,7732,2160
2025-03-27,4,工作日,10945,8399,2546
2025-03-28,5,工作日,16244,10061,6183
2025-03-29,6,周六,13186,7718,5468
2025-03-30,7,周日,8181,5293,2888
2025-03-31,1,工作日,8788,6978,1810
2025-04-01,2,工作日,10073,8208,1865
2025-04-02,3,工作日,6357,5005,1352
2025-04-03,4,工作日,12059,9295,2764
2025-04-04,5,工作日,10125,7505,2620
2025-04-05,6,周六,10552,6694,3858
2025-04-06,7,周日,9149,5917,3232
2025-04-07,1,工作日,8145,6703,1442
2025-04-08,2,工作日,10101,8194,1907
2025-04-09,3,工作日,8317,6776,1541
2025-04-10,4,工作日,10587,8441,2146
2025-04-11,5,工作日,11913,8617,3296
2025-04-12,6,周六,13902,8086,5816
2025-04-13,7,周日,12524,7128,5396
2025-04-14,1,工作日,14136,10402,3734
2025-04-15,2,工作日,12031,9425,2606
2025-04-16,3,工作日,12636,9838,2798
2025-04-17,4,工作日,12521,9355,3166
2025-04-18,5,工作日,17135,10552,6583
2025-04-19,6,周六,11505,7006,4499
2025-04-20,7,周日,6761,4416,2345
2025-04-21,1,工作日,10798,8437,2361
2025-04-22,2,工作日,17115,12405,4710
2025-04-23,3,工作日,15250,10865,4385
2025-04-24,4,工作日,17573,12437,5136
2025-04-25,5,工作日,11273,8178,3095
2025-04-26,6,周六,12984,7818,5166
2025-04-27,7,周日,14910,8502,6408
2025-04-28,1,工作日,19007,12524,6483
2025-04-29,2,工作日,17566,12731,4835
2025-04-30,3,工作日,14062,10636,3426
2025-05-01,4,工作日,13220,9592,3628
2025-05-02,5,工作日,13172,9169,4003
2025-05-03,6,周六,12263,7540,4723
2025-05-04,7,周日,7075,4640,2435
2025-05-05,1,工作日,13713,9976,3737
2025-05-06,2,工作日,19955,14094,5861
2025-05-07,3,工作日,16595,12272,4323
2025-05-08,4,工作日,15078,11293,3785
2025-05-09,5,工作日,16155,10784,5371
2025-05-10,6,周六,16556,9189,7367
2025-05-11,7,周日,14387,7963,6424
2025-05-12,1,工作日,16695,11521,5174
2025-05-13,2,工作日,19886,13911,5975
2025-05-14,3,工作日,20286,14024,6262
2025-05-15,4,工作日,20964,13698,7266
2025-05-16,5,工作日,22940,13323,9617
2025-05-17,6,周六,19913,10085,9828
2025-05-18,7,周日,16382,8689,7693
2025-05-19,1,工作日,12875,9343,3532
2025-05-20,2,工作日,7158,5601,1557
2025-05-21,3,工作日,10950,8526,2424
2025-05-22,4,工作日,15348,10970,4378
2025-05-23,5,工作日,16410,10152,6258
2025-05-24,6,周六,18467,8925,9542
2025-05-25,7,周日,16679,7848,8831
2025-05-26,1,工作日,15437,7829,7608
2025-05-27,2,工作日,16772,11845,4927
2025-05-28,3,工作日,14150,9930,4220
2025-05-29,4,工作日,20064,13496,6568
2025-05-30,5,工作日,21176,12721,8455
2025-05-31,6,周六,21292,10801,10491
2025-06-01,7,周日,18727,9638,9089
2025-06-02,1,工作日,20453,13142,7311
2025-06-03,2,工作日,21643,14438,7205
2025-06-04,3,工作日,10598,7543,3055
2025-06-05,4,工作日,20515,13583,6932
2025-06-06,5,工作日,23559,13089,10470
2025-06-07,6,周六,24288,11389,12899
2025-06-08,7,周日,18098,9036,9062
2025-06-09,1,工作日,18402,12090,6312
2025-06-10,2,工作日,23582,15356,8226
2025-06-11,3,工作日,27067,16388,10679
2025-06-12,4,工作日,24827,15302,9525
2025-06-13,5,工作日,18747,11151,7596
2025-06-14,6,周六,27123,12750,14373
2025-06-15,7,周日,22262,10658,11604
2025-06-16,1,工作日,21694,13621,8073
2025-06-17,2,工作日,25616,16021,9595
2025-06-18,3,工作日,12447,8806,3641
2025-06-19,4,工作日,26473,14428,12045
2025-06-20,5,工作日,25984,14064,11920
2025-06-21,6,周六,29919,12802,17117
2025-06-22,7,周日,22126,10555,11571
2025-06-23,1,工作日,20284,12818,7466
2025-06-24,2,工作日,20783,13857,6926
2025-06-25,3,工作日,23750,15256,8494
2025-06-26,4,工作日,24775,15440,9335
2025-06-27,5,工作日,25557,14474,11083
2025-06-28,6,周六,31854,13902,17952
2025-06-29,7,周日,25205,11484,13721
2025-06-30,1,工作日,21489,13628,7861
2025-07-01,2,工作日,25972,15869,10103
2025-07-02,3,工作日,26341,15748,10593
2025-07-03,4,工作日,26032,14287,11745
2025-07-04,5,工作日,24614,9744,14870
2025-07-05,6,周六,29386,11202,18184
2025-07-06,7,周日,18486,8599,9887
2025-07-07,1,工作日,22391,14014,8377
2025-07-08,2,工作日,21114,14159,6955
2025-07-09,3,工作日,24579,16111,8468
2025-07-10,4,工作日,23302,15020,8282
2025-07-11,5,工作日,23056,13626,9430
2025-07-12,6,周六,30428,14212,16216
2025-07-13,7,周日,25585,12590,12995
2025-07-14,1,工作日,23683,14944,8739
2025-07-15,2,工作日,26244,16992,9252
2025-07-16,3,工作日,23270,15239,8031
2025-07-17,4,工作日,23814,15834,7980
2025-07-18,5,工作日,30553,16229,14324
2025-07-19,6,周六,25462,12248,13214
2025-07-20,7,周日,23165,11434,11731
2025-07-21,1,工作日,24207,15206,9001
2025-07-22,2,工作日,26846,17171,9675
2025-07-23,3,工作日,26766,16792,9974
2025-07-24,4,工作日,21590,14077,7513
2025-07-25,5,工作日,22333,13564,8769
2025-07-26,6,周六,24080,11897,12183
2025-07-27,7,周日,25527,12767,12760
2025-07-28,1,工作日,21348,13986,7362
2025-07-29,2,工作日,25288,16500,8788
2025-07-30,3,工作日,19904,13130,6774
2025-07-31,4,工作日,27104,16774,10330
2025-08-01,5,工作日,28376,15571,12805
2025-08-02,6,周六,32267,14641,17626
2025-08-03,7,周日,27777,12918,14859
2025-08-04,1,工作日,23935,14644,9291
2025-08-05,2,工作日,25980,16542,9438
2025-08-06,3,工作日,26906,16824,10082
2025-08-07,4,工作日,26373,16555,9818
2025-08-08,5,工作日,26845,15327,11518
2025-08-09,6,周六,30313,13900,16413
2025-08-10,7,周日,24617,11930,12687
2025-08-11,1,工作日,20773,13628,7145
2025-08-12,2,工作日,14770,10555,4215
2025-08-13,3,工作日,25350,16710,8640
2025-08-14,4,工作日,25333,16232,9101
2025-08-15,5,工作日,28480,16020,12460
2025-08-16,6,周六,29089,12739,16350
2025-08-17,7,周日,27333,12662,14671
2025-08-18,1,工作日,16659,11227,5432
2025-08-19,2,工作日,22853,15529,7324
2025-08-20,3,工作日,25579,17028,8551
2025-08-21,4,工作日,25872,17055,8817
2025-08-22,5,工作日,25668,15408,10260
2025-08-23,6,周六,30278,14901,15377
2025-08-24,7,周日,23731,12391,11340
2025-08-25,1,工作日,20504,14244,6260
2025-08-26,2,工作日,23415,16559,6856
2025-08-27,3,工作日,24664,16812,7852
2025-08-28,4,工作日,25895,16308,9587
2025-08-29,5,工作日,24538,14053,10485
2025-08-30,6,周六,26612,11756,14856
2025-08-31,7,周日,28816,11686,17130
2025-09-01,1,工作日,25324,11237,14087
2025-09-02,2,工作日,23418,15689,7729
2025-09-03,3,工作日,19252,13949,5303
2025-09-04,4,工作日,22667,15806,6861
2025-09-05,5,工作日,21825,14251,7574
2025-09-06,6,周六,23773,12706,11067
2025-09-07,7,周日,19783,11010,8773
2025-09-08,1,工作日,23408,15131,8277
2025-09-09,2,工作日,23259,16175,7084
2025-09-10,3,工作日,23819,16594,7225
2025-09-11,4,工作日,24209,16642,7567
2025-09-12,5,工作日,24980,15337,9643
2025-09-13,6,周六,22114,11617,10497
2025-09-14,7,周日,23472,12587,10885
2025-09-15,1,工作日,21437,15020,6417
2025-09-16,2,工作日,24382,17384,6998
2025-09-17,3,工作日,24931,17528,7403
2025-09-18,4,工作日,26036,17592,8444
2025-09-19,5,工作日,26188,16095,10093
2025-09-20,6,周六,23141,12063,11078
2025-09-21,7,周日,23185,12170,11015
2025-09-22,1,工作日,21910,15216,6694
2025-09-23,2,工作日,22423,15940,6483
2025-09-24,3,工作日,24174,17197,6977
2025-09-25,4,工作日,25922,17539,8383
2025-09-26,5,工作日,26584,16158,10426
2025-09-27,6,周六,30128,14771,15357
2025-09-28,7,周日,24286,12619,11667
2025-09-29,1,工作日,22035,15320,6715
2025-09-30,2,工作日,25909,17859,8050
2025-10-01,3,工作日,25681,17817,7864
2025-10-02,4,工作日,26359,17733,8626
2025-10-03,5,工作日,25694,16114,9580
2025-10-04,6,周六,29669,15259,14410
2025-10-05,7,周日,23629,12616,11013
2025-10-06,1,工作日,19820,14021,5799
2025-10-07,2,工作日,16871,12453,4418
2025-10-08,3,工作日,23905,16915,6990
2025-10-09,4,工作日,25771,17234,8537
2025-10-10,5,工作日,23584,14234,9350
2025-10-11,6,周六,25576,12899,12677
2025-10-12,7,周日,30828,13393,17435
2025-10-13,1,工作日,21366,13593,7773
2025-10-14,2,工作日,22921,16199,6722
2025-10-15,3,工作日,17484,13022,4462
2025-10-16,4,工作日,23546,16534,7012
2025-10-17,5,工作日,23943,15109,8834
2025-10-18,6,周六,22719,12198,10521
2025-10-19,7,周日,11083,6902,4181
2025-10-20,1,工作日,17845,12928,4917
2025-10-21,2,工作日,14714,11268,3446
2025-10-22,3,工作日,16791,12833,3958
2025-10-23,4,工作日,18248,13650,4598
2025-10-24,5,工作日,16906,11734,5172
2025-10-25,6,周六,16267,9610,6657
2025-10-26,7,周日,15124,9374,5750
2025-10-27,1,工作日,16012,12210,3802
2025-10-28,2,工作日,18040,13861,4179
2025-10-29,3,工作日,18327,13956,4371
2025-10-30,4,工作日,18552,13881,4671
2025-10-31,5,工作日,18215,12371,5844
2025-11-01,6,周六,17342,9553,7789
2025-11-02,7,周日,13704,8322,5382
2025-11-03,1,工作日,16210,12181,4029
2025-11-04,2,工作日,18445,14122,4323
2025-11-05,3,工作日,19067,14664,4403
2025-11-06,4,工作日,18363,13957,4406
2025-11-07,5,工作日,17473,12062,5411
2025-11-08,6,周六,9745,6379,3366
2025-11-09,7,周日,5720,3900,1820
2025-11-10,1,工作日,5102,4318,784
2025-11-11,2,工作日,8647,7117,1530
2025-11-12,3,工作日,13980,11184,2796
2025-11-13,4,工作日,15036,11778,3258
2025-11-14,5,工作日,17757,12431,5326
2025-11-15,6,周六,19725,11545,8180
2025-11-16,7,周日,10391,6992,3399
2025-11-17,1,工作日,12256,9906,2350
2025-11-18,2,工作日,11087,8992,2095
2025-11-19,3,工作日,14221,11340,2881
2025-11-20,4,工作日,15087,11853,3234
2025-11-21,5,工作日,14453,10560,3893
2025-11-22,6,周六,12596,8160,4436
2025-11-23,7,周日,11896,7329,4567
2025-11-24,1,工作日,11211,8747,2464
2025-11-25,2,工作日,11157,8563,2594
2025-11-26,3,工作日,5783,4518,1265
2025-11-27,4,工作日,2802,1782,1020
2025-11-28,5,工作日,4359,3113,1246
2025-11-29,6,周六,1022,708,314
2025-11-30,7,周日,1526,1216,310
2025-12-01,1,工作日,4143,3545,598
2025-12-02,2,工作日,4882,4188,694
2025-12-03,3,工作日,4779,4070,709
2025-12-04,4,工作日,4874,4053,821
2025-12-05,5,工作日,5155,4234,921
2025-12-06,6,周六,4717,3569,1148
2025-12-07,7,周日,2055,1662,393
2025-12-08,1,工作日,4630,3958,672
2025-12-09,2,工作日,6049,5160,889
2025-12-10,3,工作日,5936,5026,910
2025-12-11,4,工作日,6913,5762,1151
2025-12-12,5,工作日,6252,5053,1199
2025-12-13,6,周六,2733,2070,663
2025-12-14,7,周日,1845,1348,497
2025-12-15,1,工作日,4045,3443,602
2025-12-16,2,工作日,6701,5591,1110
2025-12-17,3,工作日,8102,6700,1402
2025-12-18,4,工作日,6277,5146,1131
2025-12-19,5,工作日,4594,3663,931
2025-12-20,6,周六,5551,3834,1717
2025-12-21,7,周日,3465,2603,862
2025-12-22,1,工作日,5735,4624,1111
2025-12-23,2,工作日,6828,5140,1688
2025-12-24,3,工作日,3773,2837,936
2025-12-25,4,工作日,1898,1248,650
2025-12-26,5,工作日,3874,2729,1145
2025-12-27,6,周六,4189,2821,1368
2025-12-28,7,周日,1996,1480,516
2025-12-29,1,工作日,2386,1994,392
2025-12-30,2,工作日,3071,2530,541
2025-12-31,3,工作日,2952,2327,625
