month,member,bike,bucket,n
7,casual,classic_bike,0-5,8052
8,casual,classic_bike,0-5,8573
6,casual,classic_bike,0-5,7620
9,casual,classic_bike,0-5,6579
5,casual,classic_bike,0-5,5400
10,casual,classic_bike,0-5,6436
3,casual,classic_bike,0-5,3070
4,casual,classic_bike,0-5,3948
11,casual,classic_bike,0-5,3494
2,casual,classic_bike,0-5,1246
1,casual,classic_bike,0-5,1191
12,casual,classic_bike,0-5,1177
7,casual,classic_bike,5-10,20824
8,casual,classic_bike,5-10,21079
9,casual,classic_bike,5-10,16450
6,casual,classic_bike,5-10,19875
5,casual,classic_bike,5-10,12826
10,casual,classic_bike,5-10,14888
4,casual,classic_bike,5-10,8705
11,casual,classic_bike,5-10,7400
3,casual,classic_bike,5-10,7148
2,casual,classic_bike,5-10,2483
1,casual,classic_bike,5-10,2304
12,casual,classic_bike,5-10,2158
8,casual,classic_bike,10-15,19991
7,casual,classic_bike,10-15,18653
6,casual,classic_bike,10-15,19341
9,casual,classic_bike,10-15,14401
5,casual,classic_bike,10-15,11330
10,casual,classic_bike,10-15,11622
3,casual,classic_bike,10-15,5545
11,casual,classic_bike,10-15,4926
4,casual,classic_bike,10-15,6888
12,casual,classic_bike,10-15,1327
1,casual,classic_bike,10-15,1218
2,casual,classic_bike,10-15,1346
8,casual,classic_bike,15-20,15310
7,casual,classic_bike,15-20,13846
9,casual,classic_bike,15-20,10134
6,casual,classic_bike,15-20,14466
10,casual,classic_bike,15-20,7960
5,casual,classic_bike,15-20,8281
4,casual,classic_bike,15-20,4522
11,casual,classic_bike,15-20,3035
3,casual,classic_bike,15-20,3840
12,casual,classic_bike,15-20,709
2,casual,classic_bike,15-20,672
1,casual,classic_bike,15-20,572
8,casual,classic_bike,20-30,19124
7,casual,classic_bike,20-30,17387
6,casual,classic_bike,20-30,18003
9,casual,classic_bike,20-30,12198
5,casual,classic_bike,20-30,10359
10,casual,classic_bike,20-30,9485
4,casual,classic_bike,20-30,5553
3,casual,classic_bike,20-30,4636
11,casual,classic_bike,20-30,3364
1,casual,classic_bike,20-30,565
12,casual,classic_bike,20-30,715
2,casual,classic_bike,20-30,678
8,casual,classic_bike,30-45,13832
7,casual,classic_bike,30-45,12280
9,casual,classic_bike,30-45,8771
6,casual,classic_bike,30-45,12845
5,casual,classic_bike,30-45,7809
10,casual,classic_bike,30-45,6736
3,casual,classic_bike,30-45,3414
4,casual,classic_bike,30-45,4131
11,casual,classic_bike,30-45,2244
1,casual,classic_bike,30-45,304
12,casual,classic_bike,30-45,390
2,casual,classic_bike,30-45,431
8,casual,classic_bike,45-60,6820
7,casual,classic_bike,45-60,6095
6,casual,classic_bike,45-60,6174
9,casual,classic_bike,45-60,4320
10,casual,classic_bike,45-60,3254
5,casual,classic_bike,45-60,3958
4,casual,classic_bike,45-60,2193
3,casual,classic_bike,45-60,1485
11,casual,classic_bike,45-60,971
1,casual,classic_bike,45-60,146
12,casual,classic_bike,45-60,167
2,casual,classic_bike,45-60,189
8,casual,classic_bike,60-90,6616
7,casual,classic_bike,60-90,6021
9,casual,classic_bike,60-90,4098
6,casual,classic_bike,60-90,5773
10,casual,classic_bike,60-90,2903
5,casual,classic_bike,60-90,3696
3,casual,classic_bike,60-90,1230
4,casual,classic_bike,60-90,1904
11,casual,classic_bike,60-90,832
12,casual,classic_bike,60-90,136
2,casual,classic_bike,60-90,140
1,casual,classic_bike,60-90,124
7,casual,classic_bike,90-120,2532
8,casual,classic_bike,90-120,2902
9,casual,classic_bike,90-120,1773
6,casual,classic_bike,90-120,2337
5,casual,classic_bike,90-120,1502
10,casual,classic_bike,90-120,1331
4,casual,classic_bike,90-120,746
3,casual,classic_bike,90-120,398
11,casual,classic_bike,90-120,285
12,casual,classic_bike,90-120,49
2,casual,classic_bike,90-120,51
1,casual,classic_bike,90-120,45
8,casual,classic_bike,120-240,2578
7,casual,classic_bike,120-240,2319
9,casual,classic_bike,120-240,1628
6,casual,classic_bike,120-240,2267
10,casual,classic_bike,120-240,1114
5,casual,classic_bike,120-240,1306
11,casual,classic_bike,120-240,338
3,casual,classic_bike,120-240,322
4,casual,classic_bike,120-240,620
1,casual,classic_bike,120-240,88
12,casual,classic_bike,120-240,65
2,casual,classic_bike,120-240,98
8,casual,classic_bike,240+,645
7,casual,classic_bike,240+,709
9,casual,classic_bike,240+,415
6,casual,classic_bike,240+,688
5,casual,classic_bike,240+,397
10,casual,classic_bike,240+,431
4,casual,classic_bike,240+,194
3,casual,classic_bike,240+,150
11,casual,classic_bike,240+,193
2,casual,classic_bike,240+,29
1,casual,classic_bike,240+,30
12,casual,classic_bike,240+,58
8,casual,electric_bike,0-5,41822
7,casual,electric_bike,0-5,42198
9,casual,electric_bike,0-5,37732
6,casual,electric_bike,0-5,35669
10,casual,electric_bike,0-5,38576
5,casual,electric_bike,0-5,25777
11,casual,electric_bike,0-5,21116
3,casual,electric_bike,0-5,14277
4,casual,electric_bike,0-5,17922
2,casual,electric_bike,0-5,7031
12,casual,electric_bike,0-5,7015
1,casual,electric_bike,0-5,6380
7,casual,electric_bike,5-10,58996
8,casual,electric_bike,5-10,59094
9,casual,electric_bike,5-10,54542
6,casual,electric_bike,5-10,49357
10,casual,electric_bike,5-10,49309
5,casual,electric_bike,5-10,33896
4,casual,electric_bike,5-10,22407
11,casual,electric_bike,5-10,24597
3,casual,electric_bike,5-10,17664
2,casual,electric_bike,5-10,7725
12,casual,electric_bike,5-10,7765
1,casual,electric_bike,5-10,6695
7,casual,electric_bike,10-15,40495
8,casual,electric_bike,10-15,41394
6,casual,electric_bike,10-15,35167
9,casual,electric_bike,10-15,34644
5,casual,electric_bike,10-15,20903
10,casual,electric_bike,10-15,27852
11,casual,electric_bike,10-15,11535
3,casual,electric_bike,10-15,8988
4,casual,electric_bike,10-15,11734
1,casual,electric_bike,10-15,2249
2,casual,electric_bike,10-15,2835
12,casual,electric_bike,10-15,3035
8,casual,electric_bike,15-20,25920
7,casual,electric_bike,15-20,24396
9,casual,electric_bike,15-20,19843
6,casual,electric_bike,15-20,21344
5,casual,electric_bike,15-20,12045
10,casual,electric_bike,15-20,15186
3,casual,electric_bike,15-20,4883
4,casual,electric_bike,15-20,6297
11,casual,electric_bike,15-20,5832
2,casual,electric_bike,15-20,1166
12,casual,electric_bike,15-20,1436
1,casual,electric_bike,15-20,967
8,casual,electric_bike,20-30,25637
7,casual,electric_bike,20-30,23801
6,casual,electric_bike,20-30,20631
9,casual,electric_bike,20-30,19333
10,casual,electric_bike,20-30,14295
5,casual,electric_bike,20-30,11554
3,casual,electric_bike,20-30,4588
4,casual,electric_bike,20-30,5931
11,casual,electric_bike,20-30,5081
2,casual,electric_bike,20-30,933
1,casual,electric_bike,20-30,797
12,casual,electric_bike,20-30,1080
7,casual,electric_bike,30-45,12913
8,casual,electric_bike,30-45,14380
6,casual,electric_bike,30-45,10961
9,casual,electric_bike,30-45,10165
10,casual,electric_bike,30-45,7043
5,casual,electric_bike,30-45,6218
4,casual,electric_bike,30-45,2888
11,casual,electric_bike,30-45,2148
3,casual,electric_bike,30-45,2324
12,casual,electric_bike,30-45,456
1,casual,electric_bike,30-45,273
2,casual,electric_bike,30-45,428
7,casual,electric_bike,45-60,5295
8,casual,electric_bike,45-60,5459
9,casual,electric_bike,45-60,3925
6,casual,electric_bike,45-60,4198
10,casual,electric_bike,45-60,2578
5,casual,electric_bike,45-60,2429
11,casual,electric_bike,45-60,826
4,casual,electric_bike,45-60,1279
3,casual,electric_bike,45-60,903
1,casual,electric_bike,45-60,70
12,casual,electric_bike,45-60,157
2,casual,electric_bike,45-60,118
8,casual,electric_bike,60-90,4178
7,casual,electric_bike,60-90,3992
6,casual,electric_bike,60-90,3160
9,casual,electric_bike,60-90,2781
5,casual,electric_bike,60-90,1767
10,casual,electric_bike,60-90,1792
11,casual,electric_bike,60-90,488
3,casual,electric_bike,60-90,603
4,casual,electric_bike,60-90,800
12,casual,electric_bike,60-90,71
1,casual,electric_bike,60-90,53
2,casual,electric_bike,60-90,77
8,casual,electric_bike,90-120,1202
7,casual,electric_bike,90-120,1145
9,casual,electric_bike,90-120,797
6,casual,electric_bike,90-120,898
10,casual,electric_bike,90-120,463
5,casual,electric_bike,90-120,499
11,casual,electric_bike,90-120,136
3,casual,electric_bike,90-120,124
4,casual,electric_bike,90-120,226
2,casual,electric_bike,90-120,15
12,casual,electric_bike,90-120,21
1,casual,electric_bike,90-120,18
8,casual,electric_bike,120-240,540
7,casual,electric_bike,120-240,521
9,casual,electric_bike,120-240,377
6,casual,electric_bike,120-240,395
10,casual,electric_bike,120-240,258
5,casual,electric_bike,120-240,200
3,casual,electric_bike,120-240,68
4,casual,electric_bike,120-240,66
11,casual,electric_bike,120-240,66
12,casual,electric_bike,120-240,6
2,casual,electric_bike,120-240,15
1,casual,electric_bike,120-240,12
7,casual,electric_bike,240+,30
8,casual,electric_bike,240+,25
6,casual,electric_bike,240+,29
9,casual,electric_bike,240+,27
5,casual,electric_bike,240+,14
10,casual,electric_bike,240+,33
4,casual,electric_bike,240+,2
11,casual,electric_bike,240+,11
12,casual,electric_bike,240+,1
2,casual,electric_bike,240+,4
3,casual,electric_bike,240+,5
1,casual,electric_bike,240+,4
7,member,classic_bike,0-5,29824
8,member,classic_bike,0-5,31449
9,member,classic_bike,0-5,31888
6,member,classic_bike,0-5,27027
10,member,classic_bike,0-5,32969
5,member,classic_bike,0-5,26724
4,member,classic_bike,0-5,24580
11,member,classic_bike,0-5,22357
3,member,classic_bike,0-5,19891
1,member,classic_bike,0-5,12480
2,member,classic_bike,0-5,13172
12,member,classic_bike,0-5,9719
7,member,classic_bike,5-10,47113
8,member,classic_bike,5-10,49550
6,member,classic_bike,5-10,43611
9,member,classic_bike,5-10,49932
5,member,classic_bike,5-10,36412
10,member,classic_bike,5-10,46906
4,member,classic_bike,5-10,31526
3,member,classic_bike,5-10,25962
11,member,classic_bike,5-10,29949
2,member,classic_bike,5-10,15604
1,member,classic_bike,5-10,15258
12,member,classic_bike,5-10,13419
7,member,classic_bike,10-15,28952
8,member,classic_bike,10-15,30168
9,member,classic_bike,10-15,28597
6,member,classic_bike,10-15,27419
5,member,classic_bike,10-15,21345
10,member,classic_bike,10-15,25286
3,member,classic_bike,10-15,13739
4,member,classic_bike,10-15,17253
11,member,classic_bike,10-15,14966
12,member,classic_bike,10-15,6444
1,member,classic_bike,10-15,6963
2,member,classic_bike,10-15,7323
8,member,classic_bike,15-20,17857
7,member,classic_bike,15-20,17274
6,member,classic_bike,15-20,15933
9,member,classic_bike,15-20,16388
5,member,classic_bike,15-20,12145
10,member,classic_bike,15-20,13975
11,member,classic_bike,15-20,7754
4,member,classic_bike,15-20,9289
3,member,classic_bike,15-20,7180
12,member,classic_bike,15-20,3147
2,member,classic_bike,15-20,3641
1,member,classic_bike,15-20,3238
8,member,classic_bike,20-30,18407
7,member,classic_bike,20-30,17741
9,member,classic_bike,20-30,17630
6,member,classic_bike,20-30,16481
5,member,classic_bike,20-30,12367
10,member,classic_bike,20-30,13533
11,member,classic_bike,20-30,7393
4,member,classic_bike,20-30,9229
3,member,classic_bike,20-30,7179
12,member,classic_bike,20-30,2921
2,member,classic_bike,20-30,3304
1,member,classic_bike,20-30,2838
7,member,classic_bike,30-45,11018
8,member,classic_bike,30-45,11638
9,member,classic_bike,30-45,10536
6,member,classic_bike,30-45,10103
10,member,classic_bike,30-45,7880
5,member,classic_bike,30-45,7534
4,member,classic_bike,30-45,5572
11,member,classic_bike,30-45,4118
3,member,classic_bike,30-45,4368
2,member,classic_bike,30-45,1815
1,member,classic_bike,30-45,1665
12,member,classic_bike,30-45,1476
8,member,classic_bike,45-60,2441
7,member,classic_bike,45-60,2337
9,member,classic_bike,45-60,1976
6,member,classic_bike,45-60,2118
10,member,classic_bike,45-60,1500
5,member,classic_bike,45-60,1457
3,member,classic_bike,45-60,843
4,member,classic_bike,45-60,1053
11,member,classic_bike,45-60,783
12,member,classic_bike,45-60,318
1,member,classic_bike,45-60,331
2,member,classic_bike,45-60,322
7,member,classic_bike,60-90,728
8,member,classic_bike,60-90,827
9,member,classic_bike,60-90,639
6,member,classic_bike,60-90,663
10,member,classic_bike,60-90,503
5,member,classic_bike,60-90,418
11,member,classic_bike,60-90,219
4,member,classic_bike,60-90,278
3,member,classic_bike,60-90,223
2,member,classic_bike,60-90,91
12,member,classic_bike,60-90,77
1,member,classic_bike,60-90,97
7,member,classic_bike,90-120,161
8,member,classic_bike,90-120,226
6,member,classic_bike,90-120,164
9,member,classic_bike,90-120,128
5,member,classic_bike,90-120,100
10,member,classic_bike,90-120,127
4,member,classic_bike,90-120,47
3,member,classic_bike,90-120,48
11,member,classic_bike,90-120,79
2,member,classic_bike,90-120,12
12,member,classic_bike,90-120,29
1,member,classic_bike,90-120,18
7,member,classic_bike,120-240,164
8,member,classic_bike,120-240,146
9,member,classic_bike,120-240,119
6,member,classic_bike,120-240,116
10,member,classic_bike,120-240,149
5,member,classic_bike,120-240,89
4,member,classic_bike,120-240,44
3,member,classic_bike,120-240,52
11,member,classic_bike,120-240,148
2,member,classic_bike,120-240,27
1,member,classic_bike,120-240,36
12,member,classic_bike,120-240,64
7,member,classic_bike,240+,243
8,member,classic_bike,240+,100
9,member,classic_bike,240+,111
6,member,classic_bike,240+,108
10,member,classic_bike,240+,341
5,member,classic_bike,240+,78
4,member,classic_bike,240+,57
11,member,classic_bike,240+,265
3,member,classic_bike,240+,39
1,member,classic_bike,240+,38
12,member,classic_bike,240+,170
2,member,classic_bike,240+,22
8,member,electric_bike,0-5,64156
7,member,electric_bike,0-5,64685
6,member,electric_bike,0-5,54553
9,member,electric_bike,0-5,67285
10,member,electric_bike,0-5,73555
5,member,electric_bike,0-5,54026
11,member,electric_bike,0-5,49941
4,member,electric_bike,0-5,48200
3,member,electric_bike,0-5,40809
1,member,electric_bike,0-5,25991
12,member,electric_bike,0-5,24316
2,member,electric_bike,0-5,27755
8,member,electric_bike,5-10,93693
7,member,electric_bike,5-10,93160
6,member,electric_bike,5-10,80099
9,member,electric_bike,5-10,96459
5,member,electric_bike,5-10,67392
10,member,electric_bike,5-10,94617
4,member,electric_bike,5-10,56267
11,member,electric_bike,5-10,59554
3,member,electric_bike,5-10,46491
12,member,electric_bike,5-10,27002
1,member,electric_bike,5-10,26411
2,member,electric_bike,5-10,28754
7,member,electric_bike,10-15,57920
8,member,electric_bike,10-15,58204
6,member,electric_bike,10-15,50363
9,member,electric_bike,10-15,58195
10,member,electric_bike,10-15,51855
5,member,electric_bike,10-15,38343
4,member,electric_bike,10-15,28931
11,member,electric_bike,10-15,29511
3,member,electric_bike,10-15,23043
12,member,electric_bike,10-15,11800
2,member,electric_bike,10-15,12332
1,member,electric_bike,10-15,10603
8,member,electric_bike,15-20,31697
7,member,electric_bike,15-20,30656
9,member,electric_bike,15-20,30953
6,member,electric_bike,15-20,26628
5,member,electric_bike,15-20,19612
10,member,electric_bike,15-20,26889
11,member,electric_bike,15-20,14311
4,member,electric_bike,15-20,14194
3,member,electric_bike,15-20,10719
1,member,electric_bike,15-20,4279
12,member,electric_bike,15-20,5279
2,member,electric_bike,15-20,4955
7,member,electric_bike,20-30,24980
8,member,electric_bike,20-30,27403
6,member,electric_bike,20-30,21022
9,member,electric_bike,20-30,25472
10,member,electric_bike,20-30,21399
5,member,electric_bike,20-30,14754
3,member,electric_bike,20-30,7856
11,member,electric_bike,20-30,10654
4,member,electric_bike,20-30,10778
12,member,electric_bike,20-30,4022
2,member,electric_bike,20-30,3368
1,member,electric_bike,20-30,2826
8,member,electric_bike,30-45,9986
7,member,electric_bike,30-45,8858
6,member,electric_bike,30-45,7259
9,member,electric_bike,30-45,9045
10,member,electric_bike,30-45,7290
5,member,electric_bike,30-45,4843
4,member,electric_bike,30-45,3234
11,member,electric_bike,30-45,3570
3,member,electric_bike,30-45,2446
2,member,electric_bike,30-45,966
12,member,electric_bike,30-45,1356
1,member,electric_bike,30-45,830
8,member,electric_bike,45-60,2342
7,member,electric_bike,45-60,2191
6,member,electric_bike,45-60,1660
9,member,electric_bike,45-60,2082
5,member,electric_bike,45-60,1115
10,member,electric_bike,45-60,1672
3,member,electric_bike,45-60,535
4,member,electric_bike,45-60,745
11,member,electric_bike,45-60,886
2,member,electric_bike,45-60,215
12,member,electric_bike,45-60,351
1,member,electric_bike,45-60,175
8,member,electric_bike,60-90,1237
7,member,electric_bike,60-90,1195
6,member,electric_bike,60-90,844
9,member,electric_bike,60-90,1070
5,member,electric_bike,60-90,559
10,member,electric_bike,60-90,795
11,member,electric_bike,60-90,459
3,member,electric_bike,60-90,364
4,member,electric_bike,60-90,381
2,member,electric_bike,60-90,156
1,member,electric_bike,60-90,165
12,member,electric_bike,60-90,199
8,member,electric_bike,90-120,367
7,member,electric_bike,90-120,332
9,member,electric_bike,90-120,285
6,member,electric_bike,90-120,235
5,member,electric_bike,90-120,151
10,member,electric_bike,90-120,244
11,member,electric_bike,90-120,143
3,member,electric_bike,90-120,125
4,member,electric_bike,90-120,124
12,member,electric_bike,90-120,92
2,member,electric_bike,90-120,73
1,member,electric_bike,90-120,46
8,member,electric_bike,120-240,370
7,member,electric_bike,120-240,317
9,member,electric_bike,120-240,309
6,member,electric_bike,120-240,236
5,member,electric_bike,120-240,188
10,member,electric_bike,120-240,327
4,member,electric_bike,120-240,215
11,member,electric_bike,120-240,222
3,member,electric_bike,120-240,215
2,member,electric_bike,120-240,139
1,member,electric_bike,120-240,156
12,member,electric_bike,120-240,167
7,member,electric_bike,240+,105
8,member,electric_bike,240+,90
9,member,electric_bike,240+,109
6,member,electric_bike,240+,81
10,member,electric_bike,240+,83
5,member,electric_bike,240+,75
11,member,electric_bike,240+,62
4,member,electric_bike,240+,88
3,member,electric_bike,240+,112
1,member,electric_bike,240+,71
12,member,electric_bike,240+,47
2,member,electric_bike,240+,64
