month,n,avg_min,p50_min,n_casual,n_member,n_classic,n_electric,electric_share
1,138620,10.1,6.8,24105,114515,49549,89071,64.3
2,151820,10.2,7.0,27710,124110,52696,99124,65.3
3,297904,12.8,8.3,85665,212239,110762,187142,62.8
4,371041,13.1,8.6,108956,262085,138332,232709,62.7
5,501893,14.7,9.5,182166,319727,185533,316360,63.0
6,677921,16.2,10.7,291198,386723,253132,424789,62.7
7,762454,16.1,10.5,322500,439954,264273,498181,65.3
8,789475,16.2,10.7,337121,452354,280279,509196,64.5
9,714141,14.8,9.9,264933,449208,238711,475430,66.6
10,645440,13.8,9.0,223545,421895,209329,436111,67.6
11,356262,12.4,8.0,98918,257344,115113,241149,67.7
12,140409,11.6,7.3,27994,112415,44735,95674,68.1
